{
    "baseline": {
        "loss": 0.31592475306653417,
        "accuracy": 0.8782,
        "precision": 0.9104088896605608,
        "recall": 0.83896,
        "f1": 0.8732253632540905
    },
    "lstm": {
        "loss": 0.35983753876209257,
        "accuracy": 0.85184,
        "precision": 0.854906391220142,
        "recall": 0.84752,
        "f1": 0.8511971717820986
    },
    "gru": {
        "loss": 0.3492484075975791,
        "accuracy": 0.863,
        "precision": 0.9362561292183443,
        "recall": 0.77904,
        "f1": 0.8504432120868084
    },
    "cnn": {
        "loss": 0.33804561405697836,
        "accuracy": 0.8578,
        "precision": 0.8325526061417206,
        "recall": 0.89576,
        "f1": 0.8630005009826969
    },
    "bilstm": {
        "loss": 0.3899979410074596,
        "accuracy": 0.87668,
        "precision": 0.9039203911812644,
        "recall": 0.84296,
        "f1": 0.8723765368216252
    }
}